tech,zone,commission_year,unit,capacity
1_Gas,system,2011,MW,121.0
1_Hard_Coal,system,2011,MW,272.0
102_Gas,system,2011,MW,67.9
108_Run_of_River,system,2011,MW,63.1
108_Waste,system,2011,MW,38.0
111_Gas,system,2011,MW,13.5
112_Gas,system,2011,MW,13.5
112_Run_of_River,system,2011,MW,11.1
114_Hard_Coal,system,2011,MW,19.0
115_Brown_Coal,system,2011,MW,4730.0
116_Gas,system,2011,MW,543.3
118_Gas,system,2011,MW,95.0
118_Waste,system,2011,MW,12.0
119_Brown_Coal,system,2011,MW,9.3
119_Gas,system,2011,MW,16.9
119_Hard_Coal,system,2011,MW,61.5
121_Brown_Coal,system,2011,MW,24.6
123_220kV_Brown_Coal,system,2011,MW,3455.0
123_220kV_Gas,system,2011,MW,96.5
126_Gas,system,2011,MW,2.0
126_Oil,system,2011,MW,60.0
127_Brown_Coal,system,2011,MW,1800.0
127_Waste,system,2011,MW,24.0
128_220kV_Run_of_River,system,2011,MW,36.4
129_220kV_Hard_Coal,system,2011,MW,61.5
12_220kV_Gas,system,2011,MW,150.0
12_220kV_Waste,system,2011,MW,30.0
130_Hard_Coal,system,2011,MW,85.0
130_Waste,system,2011,MW,30.0
131_Gas,system,2011,MW,586.3
132_Storage_Hydro,system,2011,MW,29.0
133_Brown_Coal,system,2011,MW,137.0
133_Waste,system,2011,MW,33.4
134_Brown_Coal,system,2011,MW,118.0
136_Gas,system,2011,MW,838.0
136_Hard_Coal,system,2011,MW,765.0
137_Gas,system,2011,MW,11.4
139_Hard_Coal,system,2011,MW,760.0
14_Run_of_River,system,2011,MW,27.0
140_Gas,system,2011,MW,11.1
141_Gas,system,2011,MW,64.7
142_Gas,system,2011,MW,9.8
142_Hard_Coal,system,2011,MW,449.0
145_Brown_Coal,system,2011,MW,75.3
145_Gas,system,2011,MW,536.5
145_Other,system,2011,MW,79.8
145_Waste,system,2011,MW,45.1
146_Gas,system,2011,MW,84.0
147_Gas,system,2011,MW,230.0
148_Gas,system,2011,MW,10.2
148_Oil,system,2011,MW,86.2
148_Waste,system,2011,MW,53.7
149_Run_of_River,system,2011,MW,128.7
150_Gas,system,2011,MW,15.8
153_Waste,system,2011,MW,12.0
155_Waste,system,2011,MW,12.6
156_220kV_Brown_Coal,system,2011,MW,28.9
157_220kV_Brown_Coal,system,2011,MW,857.0
157_220kV_Gas,system,2011,MW,22.0
16_Gas,system,2011,MW,11.4
160_220kV_Hard_Coal,system,2011,MW,103.0
160_220kV_Waste,system,2011,MW,14.0
161_Gas,system,2011,MW,58.58
166_Gas,system,2011,MW,333.6
166_Hard_Coal,system,2011,MW,1324.5
167_Gas,system,2011,MW,26.0
167_Run_of_River,system,2011,MW,46.9
169_Gas,system,2011,MW,33.7
170_Gas,system,2011,MW,23.1
170_Waste,system,2011,MW,61.5
174_Gas,system,2011,MW,24.5
174_Other,system,2011,MW,38.0
175_Hard_Coal,system,2011,MW,95.0
175_Other,system,2011,MW,21.0
176_Gas,system,2011,MW,3.3
177_Multiple,system,2011,MW,32.7
178_Gas,system,2011,MW,9.2
178_Storage_Hydro,system,2011,MW,15.0
180_Gas,system,2011,MW,25.4
180_Oil,system,2011,MW,333.5
180_Waste,system,2011,MW,28.9
183_Gas,system,2011,MW,22.5
183_Hard_Coal,system,2011,MW,766.0
183_Oil,system,2011,MW,38.0
183_Waste,system,2011,MW,24.0
184_220kV_Gas,system,2011,MW,22.3
185_Waste,system,2011,MW,33.1
188_Gas,system,2011,MW,274.0
18_220kV_Gas,system,2011,MW,52.8
19_Gas,system,2011,MW,10.6
19_Hard_Coal,system,2011,MW,370.0
190_Gas,system,2011,MW,13.4
194_Hard_Coal,system,2011,MW,1017.0
196_Hard_Coal,system,2011,MW,695.0
196_Other,system,2011,MW,700.0
197_Run_of_River,system,2011,MW,40.1
198_Gas,system,2011,MW,15.0
200_Brown_Coal,system,2011,MW,27.5
200_Gas,system,2011,MW,7.4
201_220kV_Gas,system,2011,MW,58.1
202_Gas,system,2011,MW,1870.1
202_Nuclear,system,2011,MW,1329.0
203_Gas,system,2011,MW,20.5
204_Hard_Coal,system,2011,MW,310.0
205_Gas,system,2011,MW,417.0
209_Hard_Coal,system,2011,MW,26.0
21_Gas,system,2011,MW,127.0
21_Hard_Coal,system,2011,MW,194.0
21_Waste,system,2011,MW,16.4
210_Waste,system,2011,MW,14.7
211_Hard_Coal,system,2011,MW,721.0
211_Waste,system,2011,MW,11.6
212_Run_of_River,system,2011,MW,24.0
213_Gas,system,2011,MW,104.6
214_Gas,system,2011,MW,27.0
215_Gas,system,2011,MW,47.2
215_Waste,system,2011,MW,73.4
217_Gas,system,2011,MW,108.0
217_Hard_Coal,system,2011,MW,508.0
217_Waste,system,2011,MW,17.0
219_Gas,system,2011,MW,254.5
219_Waste,system,2011,MW,34.0
221_Geothermal,system,2011,MW,7.8
222_Gas,system,2011,MW,99.0
223_Gas,system,2011,MW,87.0
224_Other,system,2011,MW,176.1
225_Gas,system,2011,MW,11.6
225_Hard_Coal,system,2011,MW,13.4
225_Waste,system,2011,MW,15.0
226_Gas,system,2011,MW,20.0
226_Run_of_River,system,2011,MW,0.1
227_Run_of_River,system,2011,MW,11.0
229_Gas,system,2011,MW,24.5
229_Hard_Coal,system,2011,MW,1958.0
22_220kV_Oil,system,2011,MW,298.5
233_220kV_Gas,system,2011,MW,4.0
233_220kV_Hard_Coal,system,2011,MW,20.7
235_Other,system,2011,MW,19.7
238_Run_of_River,system,2011,MW,12.1
239_Gas,system,2011,MW,800.0
240_Gas,system,2011,MW,126.0
245_Hard_Coal,system,2011,MW,61.5
246_Hard_Coal,system,2011,MW,510.0
247_220kV_Oil,system,2011,MW,34.5
247_220kV_Run_of_River,system,2011,MW,633.2
248_220kV_Hard_Coal,system,2011,MW,895.0
249_Waste,system,2011,MW,14.6
250_220kV_Other,system,2011,MW,396.6
254_Gas,system,2011,MW,10.7
255_Run_of_River,system,2011,MW,84.8
258_Gas,system,2011,MW,32.0
258_Other,system,2011,MW,28.0
260_Hard_Coal,system,2011,MW,138.5
266_Gas,system,2011,MW,59.9
266_Oil,system,2011,MW,92.8
266_Run_of_River,system,2011,MW,214.0
266_Waste,system,2011,MW,9.0
26_220kV_Nuclear,system,2011,MW,1410.0
270_Gas,system,2011,MW,50.0
275_Gas,system,2011,MW,42.0
275_Other,system,2011,MW,100.0
275_Waste,system,2011,MW,12.5
276_Hard_Coal,system,2011,MW,110.0
276_Run_of_River,system,2011,MW,16.0
279_220kV_Brown_Coal,system,2011,MW,90.8
28_Hard_Coal,system,2011,MW,260.0
28_Oil,system,2011,MW,101.0
28_Run_of_River,system,2011,MW,311.8
281_220kV_Gas,system,2011,MW,74.0
282_220kV_Oil,system,2011,MW,17.0
285_Gas,system,2011,MW,18.1
287_Gas,system,2011,MW,64.0
288_Hard_Coal,system,2011,MW,18.5
289_Gas,system,2011,MW,33.4
289_Hard_Coal,system,2011,MW,794.0
290_Waste,system,2011,MW,15.7
291_Brown_Coal,system,2011,MW,1105.0
292_220kV_Brown_Coal,system,2011,MW,20.3
292_220kV_Gas,system,2011,MW,216.0
292_220kV_Waste,system,2011,MW,59.0
294_Gas,system,2011,MW,13.5
294_Waste,system,2011,MW,11.2
295_Gas,system,2011,MW,119.0
295_Hard_Coal,system,2011,MW,43.3
298_Gas,system,2011,MW,37.5
299_Hard_Coal,system,2011,MW,690.0
3_Run_of_River,system,2011,MW,18.8
301_Gas,system,2011,MW,13.0
302_Brown_Coal,system,2011,MW,33.5
302_Gas,system,2011,MW,128.0
302_Other,system,2011,MW,56.0
302_Storage_Hydro,system,2011,MW,79.0
302_Waste,system,2011,MW,14.7
304_Gas,system,2011,MW,34.2
304_Oil,system,2011,MW,24.8
305_Nuclear,system,2011,MW,1310.0
305_Oil,system,2011,MW,136.0
308_220kV_Gas,system,2011,MW,27.4
308_220kV_Nuclear,system,2011,MW,1275.0
30_220kV_Run_of_River,system,2011,MW,3.0
31_Gas,system,2011,MW,195.4
310_Hard_Coal,system,2011,MW,778.0
313_Brown_Coal,system,2011,MW,875.0
315_220kV_Run_of_River,system,2011,MW,77.4
316_Gas,system,2011,MW,75.8
316_Waste,system,2011,MW,10.0
318_Run_of_River,system,2011,MW,62.7
320_Gas,system,2011,MW,9.8
321_Gas,system,2011,MW,0.2
321_Waste,system,2011,MW,13.6
322_220kV_Gas,system,2011,MW,85.1
323_Gas,system,2011,MW,12.9
326_Gas,system,2011,MW,319.8
327_Gas,system,2011,MW,26.9
328_Run_of_River,system,2011,MW,36.5
329_Run_of_River,system,2011,MW,50.0
329_Storage_Hydro,system,2011,MW,500.0
32_220kV_Gas,system,2011,MW,109.1
33_Gas,system,2011,MW,31.8
330_Nuclear,system,2011,MW,1410.0
330_Run_of_River,system,2011,MW,35.8
331_Gas,system,2011,MW,227.0
331_Run_of_River,system,2011,MW,217.5
331_Waste,system,2011,MW,12.5
332_220kV_Gas,system,2011,MW,97.9
332_220kV_Run_of_River,system,2011,MW,25.2
335_Gas,system,2011,MW,54.0
336_220kV_Gas,system,2011,MW,52.8
336_220kV_Run_of_River,system,2011,MW,89.0
337_Gas,system,2011,MW,13.4
337_Run_of_River,system,2011,MW,80.1
338_220kV_Waste,system,2011,MW,54.0
34_Hard_Coal,system,2011,MW,757.0
34_Oil,system,2011,MW,56.0
340_Gas,system,2011,MW,299.6
340_Storage_Hydro,system,2011,MW,82.5
341_Brown_Coal,system,2011,MW,134.0
341_Gas,system,2011,MW,159.0
341_Oil,system,2011,MW,111.0
341_Other,system,2011,MW,42.7
341_Waste,system,2011,MW,58.0
342_Gas,system,2011,MW,19.5
344_Gas,system,2011,MW,69.95
347_Gas,system,2011,MW,211.0
347_Hard_Coal,system,2011,MW,89.0
347_Oil,system,2011,MW,327.0
348_Gas,system,2011,MW,458.9
350_Gas,system,2011,MW,18.6
351_220kV_Other,system,2011,MW,23.3
351_220kV_Run_of_River,system,2011,MW,63.7
351_220kV_Waste,system,2011,MW,25.5
352_Hard_Coal,system,2011,MW,472.0
352_Oil,system,2011,MW,46.0
352_Run_of_River,system,2011,MW,73.3
353_220kV_Gas,system,2011,MW,1391.0
353_220kV_Run_of_River,system,2011,MW,23.3
354_Gas,system,2011,MW,540.5
354_Hard_Coal,system,2011,MW,333.0
354_Waste,system,2011,MW,40.0
358_Hard_Coal,system,2011,MW,318.0
36_Gas,system,2011,MW,11.06
36_Hard_Coal,system,2011,MW,280.0
360_220kV_Gas,system,2011,MW,42.0
360_220kV_Hard_Coal,system,2011,MW,779.0
360_220kV_Waste,system,2011,MW,16.0
362_220kV_Run_of_River,system,2011,MW,79.5
363_Other,system,2011,MW,16.0
364_Waste,system,2011,MW,11.6
365_Gas,system,2011,MW,81.8
365_Hard_Coal,system,2011,MW,688.0
365_Waste,system,2011,MW,36.0
367_Nuclear,system,2011,MW,1402.0
370_Brown_Coal,system,2011,MW,56.8
370_Other,system,2011,MW,85.0
373_Run_of_River,system,2011,MW,25.0
374_Gas,system,2011,MW,100.2
374_Hard_Coal,system,2011,MW,725.0
376_Geothermal,system,2011,MW,0.6
376_Hard_Coal,system,2011,MW,875.0
377_Waste,system,2011,MW,11.0
378_Gas,system,2011,MW,260.44
378_Hard_Coal,system,2011,MW,769.0
37_220kV_Gas,system,2011,MW,52.0
37_220kV_Nuclear,system,2011,MW,1360.0
37_220kV_Waste,system,2011,MW,58.4
380_Gas,system,2011,MW,250.0
380_Waste,system,2011,MW,22.5
382_220kV_Gas,system,2011,MW,122.0
382_220kV_Waste,system,2011,MW,20.7
383_Waste,system,2011,MW,24.4
385_220kV_Gas,system,2011,MW,58.4
385_220kV_Hard_Coal,system,2011,MW,24.8
385_220kV_Oil,system,2011,MW,0.5
386_Gas,system,2011,MW,23.0
39_Gas,system,2011,MW,2299.3
390_Gas,system,2011,MW,1001.3
390_Hard_Coal,system,2011,MW,17.4
390_Waste,system,2011,MW,18.0
394_Gas,system,2011,MW,26.5
395_Gas,system,2011,MW,490.0
396_Nuclear,system,2011,MW,2572.0
398_Oil,system,2011,MW,87.0
399_Gas,system,2011,MW,35.1
399_Waste,system,2011,MW,9.5
40_Run_of_River,system,2011,MW,48.0
401_Gas,system,2011,MW,31.0
402_Oil,system,2011,MW,88.0
402_Run_of_River,system,2011,MW,60.0
402_Storage_Hydro,system,2011,MW,158.0
403_220kV_Run_of_River,system,2011,MW,19.0
404_220kV_Run_of_River,system,2011,MW,24.0
405_Gas,system,2011,MW,56.0
405_Run_of_River,system,2011,MW,84.6
409_Gas,system,2011,MW,8.5
409_Hard_Coal,system,2011,MW,112.6
409_Oil,system,2011,MW,69.9
409_Waste,system,2011,MW,19.5
410_Run_of_River,system,2011,MW,20.1
414_Gas,system,2011,MW,193.7
417_Run_of_River,system,2011,MW,137.3
418_Run_of_River,system,2011,MW,66.0
421_220kV_Waste,system,2011,MW,67.3
422_Gas,system,2011,MW,13.5
423_Run_of_River,system,2011,MW,36.8
424_Oil,system,2011,MW,70.0
425_Other,system,2011,MW,288.5
426_Gas,system,2011,MW,32.4
428_Brown_Coal,system,2011,MW,74.0
429_Gas,system,2011,MW,112.1
429_Hard_Coal,system,2011,MW,12.0
43_Gas,system,2011,MW,196.0
43_Waste,system,2011,MW,17.0
430_Brown_Coal,system,2011,MW,38.5
433_Gas,system,2011,MW,15.6
434_Run_of_River,system,2011,MW,12.8
434_Storage_Hydro,system,2011,MW,124.0
435_Brown_Coal,system,2011,MW,164.0
438_Run_of_River,system,2011,MW,146.0
439_Gas,system,2011,MW,11.7
44_Waste,system,2011,MW,26.0
440_Other,system,2011,MW,17.0
441_Gas,system,2011,MW,182.0
441_Hard_Coal,system,2011,MW,61.5
442_Gas,system,2011,MW,26.5
444_Gas,system,2011,MW,430.0
445_Run_of_River,system,2011,MW,217.1
446_Gas,system,2011,MW,14.7
447_Gas,system,2011,MW,75.0
45_Gas,system,2011,MW,296.0
45_Geothermal,system,2011,MW,23.1
451_Run_of_River,system,2011,MW,104.4
453_Run_of_River,system,2011,MW,30.0
455_Gas,system,2011,MW,16.9
456_Run_of_River,system,2011,MW,0.1
457_Waste,system,2011,MW,29.6
463_Gas,system,2011,MW,25.8
464_Gas,system,2011,MW,51.9
464_Oil,system,2011,MW,66.3
464_Run_of_River,system,2011,MW,25.4
465_Gas,system,2011,MW,35.0
465_Oil,system,2011,MW,80.0
468_Gas,system,2011,MW,17.5
468_Hard_Coal,system,2011,MW,79.0
468_Oil,system,2011,MW,4.8
468_Waste,system,2011,MW,16.0
47_Gas,system,2011,MW,444.0
47_Run_of_River,system,2011,MW,31.7
474_Gas,system,2011,MW,390.0
475_Oil,system,2011,MW,250.6
478_Gas,system,2011,MW,95.0
484_Gas,system,2011,MW,65.0
484_Other,system,2011,MW,6.0
484_Run_of_River,system,2011,MW,66.7
484_Storage_Hydro,system,2011,MW,45.5
485_Run_of_River,system,2011,MW,26.5
486_Hard_Coal,system,2011,MW,138.5
486_Oil,system,2011,MW,11.4
487_Brown_Coal,system,2011,MW,875.0
487_Oil,system,2011,MW,11.4
49_Brown_Coal,system,2011,MW,352.0
49_Hard_Coal,system,2011,MW,66.0
49_Waste,system,2011,MW,37.5
492_Hard_Coal,system,2011,MW,54.0
492_Waste,system,2011,MW,56.9
495_Hard_Coal,system,2011,MW,147.0
51_Storage_Hydro,system,2011,MW,20.0
52_220kV_Gas,system,2011,MW,390.0
52_220kV_Hard_Coal,system,2011,MW,1347.0
56_220kV_Gas,system,2011,MW,11.7
58_Gas,system,2011,MW,52.5
58_Hard_Coal,system,2011,MW,26.9
59_Hard_Coal,system,2011,MW,324.0
5_220kV_Run_of_River,system,2011,MW,4.6
61_220kV_Gas,system,2011,MW,334.0
61_220kV_Hard_Coal,system,2011,MW,350.0
62_Hard_Coal,system,2011,MW,119.0
62_Run_of_River,system,2011,MW,9.9
62_Waste,system,2011,MW,44.0
63_Brown_Coal,system,2011,MW,465.0
63_Run_of_River,system,2011,MW,22.0
64_Run_of_River,system,2011,MW,11.2
65_Run_of_River,system,2011,MW,164.5
66_Run_of_River,system,2011,MW,5.1
67_Gas,system,2011,MW,14.8
67_Hard_Coal,system,2011,MW,300.0
67_Oil,system,2011,MW,88.0
67_Other,system,2011,MW,150.0
67_Storage_Hydro,system,2011,MW,392.0
67_Waste,system,2011,MW,33.0
68_220kV_Run_of_River,system,2011,MW,4.2
69_220kV_Gas,system,2011,MW,11.5
69_220kV_Waste,system,2011,MW,18.8
70_Gas,system,2011,MW,423.0
70_Waste,system,2011,MW,15.6
71_Brown_Coal,system,2011,MW,49.0
71_Gas,system,2011,MW,161.1
71_Waste,system,2011,MW,9.9
72_Brown_Coal,system,2011,MW,900.0
72_Gas,system,2011,MW,151.0
72_Oil,system,2011,MW,120.0
74_220kV_Gas,system,2011,MW,122.0
74_220kV_Waste,system,2011,MW,23.3
75_Brown_Coal,system,2011,MW,49.0
77_Gas,system,2011,MW,5.3
79_Brown_Coal,system,2011,MW,750.0
79_Waste,system,2011,MW,18.7
81_Brown_Coal,system,2011,MW,2835.0
81_Other,system,2011,MW,124.5
83_Brown_Coal,system,2011,MW,750.0
83_Other,system,2011,MW,53.6
84_Hard_Coal,system,2011,MW,323.0
87_220kV_Gas,system,2011,MW,138.7
87_220kV_Hard_Coal,system,2011,MW,175.9
87_220kV_Multiple,system,2011,MW,120.0
88_Gas,system,2011,MW,39.8
89_Other,system,2011,MW,606.0
92_Gas,system,2011,MW,66.0
94_220kV_Geothermal,system,2011,MW,0.2
95_220kV_Gas,system,2011,MW,24.3
99_220kV_Gas,system,2011,MW,113.6
99_220kV_Hard_Coal,system,2011,MW,655.6
218_Wind_Offshore,system,2011,MW,48.3
221_Wind_Offshore,system,2011,MW,400.0
270_Wind_Offshore,system,2011,MW,60.0
271_Wind_Offshore,system,2011,MW,1018.0
22_220kV_Wind_Offshore,system,2011,MW,1447.2
1_Wind_Onshore,system,2011,MW,153.510391124
3_Wind_Onshore,system,2011,MW,50.1645064777
4_Wind_Onshore,system,2011,MW,84.2627790573
6_Wind_Onshore,system,2011,MW,49.8864693272
7_Wind_Onshore,system,2011,MW,67.2230767625
8_Wind_Onshore,system,2011,MW,94.6840441287
9_Wind_Onshore,system,2011,MW,85.7985253848
11_Wind_Onshore,system,2011,MW,132.724113719
14_Wind_Onshore,system,2011,MW,0.0641793580921
16_Wind_Onshore,system,2011,MW,204.187623515
17_Wind_Onshore,system,2011,MW,52.7005296089
19_Wind_Onshore,system,2011,MW,6.03553849736
21_Wind_Onshore,system,2011,MW,36.1635315924
23_Wind_Onshore,system,2011,MW,61.8362042365
25_Wind_Onshore,system,2011,MW,106.787062956
27_Wind_Onshore,system,2011,MW,13.0295812923
28_Wind_Onshore,system,2011,MW,71.6568833062
29_Wind_Onshore,system,2011,MW,293.755374959
31_Wind_Onshore,system,2011,MW,52.7816062429
33_Wind_Onshore,system,2011,MW,304.429780208
34_Wind_Onshore,system,2011,MW,20.6686903142
35_Wind_Onshore,system,2011,MW,16.3680870699
36_Wind_Onshore,system,2011,MW,273.855776496
38_Wind_Onshore,system,2011,MW,2.8560689855
39_Wind_Onshore,system,2011,MW,603.943953043
40_Wind_Onshore,system,2011,MW,426.979978559
41_Wind_Onshore,system,2011,MW,1055.73517403
43_Wind_Onshore,system,2011,MW,414.871332023
44_Wind_Onshore,system,2011,MW,10.3516315814
45_Wind_Onshore,system,2011,MW,161.862596706
47_Wind_Onshore,system,2011,MW,2.87856145665
48_Wind_Onshore,system,2011,MW,8.67091627581
49_Wind_Onshore,system,2011,MW,209.786523699
50_Wind_Onshore,system,2011,MW,339.421642565
51_Wind_Onshore,system,2011,MW,134.399019048
53_Wind_Onshore,system,2011,MW,32.6535257613
54_Wind_Onshore,system,2011,MW,5.00902220665
55_Wind_Onshore,system,2011,MW,3.19075884669
57_Wind_Onshore,system,2011,MW,0.788599328058
58_Wind_Onshore,system,2011,MW,4.32869590283
59_Wind_Onshore,system,2011,MW,112.606432525
60_Wind_Onshore,system,2011,MW,77.81765048
62_Wind_Onshore,system,2011,MW,153.592985662
63_Wind_Onshore,system,2011,MW,15.7834481687
64_Wind_Onshore,system,2011,MW,2.29550964638
65_Wind_Onshore,system,2011,MW,26.1200405137
66_Wind_Onshore,system,2011,MW,34.4132463542
67_Wind_Onshore,system,2011,MW,72.3279923602
70_Wind_Onshore,system,2011,MW,132.149983123
71_Wind_Onshore,system,2011,MW,405.642114881
72_Wind_Onshore,system,2011,MW,510.054159155
73_Wind_Onshore,system,2011,MW,633.681488492
75_Wind_Onshore,system,2011,MW,602.719370584
76_Wind_Onshore,system,2011,MW,113.714399398
77_Wind_Onshore,system,2011,MW,225.599169646
79_Wind_Onshore,system,2011,MW,116.66596966
80_Wind_Onshore,system,2011,MW,36.7824924762
81_Wind_Onshore,system,2011,MW,384.449592248
82_Wind_Onshore,system,2011,MW,89.1408968614
83_Wind_Onshore,system,2011,MW,45.7938996393
84_Wind_Onshore,system,2011,MW,54.0020322251
85_Wind_Onshore,system,2011,MW,155.605297616
88_Wind_Onshore,system,2011,MW,3.75903786416
89_Wind_Onshore,system,2011,MW,0.20495144136
90_Wind_Onshore,system,2011,MW,84.5061198676
91_Wind_Onshore,system,2011,MW,4.60112152773
92_Wind_Onshore,system,2011,MW,71.0254994175
93_Wind_Onshore,system,2011,MW,290.937197757
97_Wind_Onshore,system,2011,MW,0.0266961326966
98_Wind_Onshore,system,2011,MW,83.9306653156
101_Wind_Onshore,system,2011,MW,350.979987644
102_Wind_Onshore,system,2011,MW,245.381700655
103_Wind_Onshore,system,2011,MW,0.206918168218
108_Wind_Onshore,system,2011,MW,2.17859329378
109_Wind_Onshore,system,2011,MW,2.28979314118
110_Wind_Onshore,system,2011,MW,76.2216146438
111_Wind_Onshore,system,2011,MW,320.42275108
112_Wind_Onshore,system,2011,MW,0.778210370106
113_Wind_Onshore,system,2011,MW,1.65455712572
114_Wind_Onshore,system,2011,MW,89.637993199
115_Wind_Onshore,system,2011,MW,69.5342899494
116_Wind_Onshore,system,2011,MW,3.53636055719
118_Wind_Onshore,system,2011,MW,13.4468885109
119_Wind_Onshore,system,2011,MW,50.5752781935
121_Wind_Onshore,system,2011,MW,32.6011423992
122_Wind_Onshore,system,2011,MW,90.7925410198
126_Wind_Onshore,system,2011,MW,8.72501236524
127_Wind_Onshore,system,2011,MW,43.2540231528
130_Wind_Onshore,system,2011,MW,2.41600145539
131_Wind_Onshore,system,2011,MW,0.540589207054
132_Wind_Onshore,system,2011,MW,1.46288325395
133_Wind_Onshore,system,2011,MW,1.46433600229
134_Wind_Onshore,system,2011,MW,1.28828304343
135_Wind_Onshore,system,2011,MW,25.8188993015
136_Wind_Onshore,system,2011,MW,29.1548929719
137_Wind_Onshore,system,2011,MW,105.296621064
139_Wind_Onshore,system,2011,MW,3.06138955244
140_Wind_Onshore,system,2011,MW,4.73874713717
141_Wind_Onshore,system,2011,MW,1.02575387048
142_Wind_Onshore,system,2011,MW,2.8970783132
144_Wind_Onshore,system,2011,MW,0.359496708924
145_Wind_Onshore,system,2011,MW,0.719596947326
146_Wind_Onshore,system,2011,MW,0.508453122526
147_Wind_Onshore,system,2011,MW,8.11781937714
148_Wind_Onshore,system,2011,MW,0.402699751377
149_Wind_Onshore,system,2011,MW,3.669011551
150_Wind_Onshore,system,2011,MW,1.25427791149
151_Wind_Onshore,system,2011,MW,19.8227688711
152_Wind_Onshore,system,2011,MW,28.389456755
153_Wind_Onshore,system,2011,MW,119.464559856
154_Wind_Onshore,system,2011,MW,1.21573343643
155_Wind_Onshore,system,2011,MW,25.239356261
158_Wind_Onshore,system,2011,MW,52.5273816031
161_Wind_Onshore,system,2011,MW,175.889627208
162_Wind_Onshore,system,2011,MW,0.861317127693
163_Wind_Onshore,system,2011,MW,45.7037068059
164_Wind_Onshore,system,2011,MW,17.6455290289
166_Wind_Onshore,system,2011,MW,8.55678386233
167_Wind_Onshore,system,2011,MW,3.62255952466
168_Wind_Onshore,system,2011,MW,13.0361134479
169_Wind_Onshore,system,2011,MW,0.116517735693
170_Wind_Onshore,system,2011,MW,0.0687883675101
171_Wind_Onshore,system,2011,MW,0.160624563218
172_Wind_Onshore,system,2011,MW,0.609451340471
173_Wind_Onshore,system,2011,MW,16.0223344728
174_Wind_Onshore,system,2011,MW,4.35414698006
175_Wind_Onshore,system,2011,MW,1.04303990751
176_Wind_Onshore,system,2011,MW,13.4980870092
177_Wind_Onshore,system,2011,MW,238.377761372
178_Wind_Onshore,system,2011,MW,25.2633910944
179_Wind_Onshore,system,2011,MW,502.409178069
180_Wind_Onshore,system,2011,MW,330.031939735
181_Wind_Onshore,system,2011,MW,285.625411508
182_Wind_Onshore,system,2011,MW,57.1885789685
183_Wind_Onshore,system,2011,MW,83.2771628571
185_Wind_Onshore,system,2011,MW,5.05377980991
186_Wind_Onshore,system,2011,MW,1.34577448661
187_Wind_Onshore,system,2011,MW,2.72184505996
188_Wind_Onshore,system,2011,MW,0.265989546307
189_Wind_Onshore,system,2011,MW,9.02988478213
190_Wind_Onshore,system,2011,MW,3.58404269875
192_Wind_Onshore,system,2011,MW,254.253327175
193_Wind_Onshore,system,2011,MW,1.26008164224
194_Wind_Onshore,system,2011,MW,0.855454008484
196_Wind_Onshore,system,2011,MW,0.232219951161
197_Wind_Onshore,system,2011,MW,27.8740104664
198_Wind_Onshore,system,2011,MW,3.16799906488
199_Wind_Onshore,system,2011,MW,1.30629298198
200_Wind_Onshore,system,2011,MW,0.688544563034
202_Wind_Onshore,system,2011,MW,85.7395569744
203_Wind_Onshore,system,2011,MW,99.3195792397
204_Wind_Onshore,system,2011,MW,38.2225747563
205_Wind_Onshore,system,2011,MW,4.21900521504
206_Wind_Onshore,system,2011,MW,11.3439712953
207_Wind_Onshore,system,2011,MW,38.9163677331
208_Wind_Onshore,system,2011,MW,9.81457352728
209_Wind_Onshore,system,2011,MW,179.712741143
210_Wind_Onshore,system,2011,MW,20.2618052811
211_Wind_Onshore,system,2011,MW,220.533673307
212_Wind_Onshore,system,2011,MW,73.0794126745
213_Wind_Onshore,system,2011,MW,21.4545687721
214_Wind_Onshore,system,2011,MW,2.39995325631
215_Wind_Onshore,system,2011,MW,8.98603573294
216_Wind_Onshore,system,2011,MW,0.202358992327
217_Wind_Onshore,system,2011,MW,160.697955702
218_Wind_Onshore,system,2011,MW,90.5922662203
219_Wind_Onshore,system,2011,MW,39.8191571163
221_Wind_Onshore,system,2011,MW,201.421956418
222_Wind_Onshore,system,2011,MW,56.0124084149
223_Wind_Onshore,system,2011,MW,25.1666668423
224_Wind_Onshore,system,2011,MW,49.892379932
225_Wind_Onshore,system,2011,MW,182.623255886
226_Wind_Onshore,system,2011,MW,47.5418211266
227_Wind_Onshore,system,2011,MW,0.548842797786
228_Wind_Onshore,system,2011,MW,3.80689419028
229_Wind_Onshore,system,2011,MW,3.57545259247
230_Wind_Onshore,system,2011,MW,2.24203138868
234_Wind_Onshore,system,2011,MW,1.26826084243
235_Wind_Onshore,system,2011,MW,9.02599008132
237_Wind_Onshore,system,2011,MW,18.0052285695
238_Wind_Onshore,system,2011,MW,91.1718882891
239_Wind_Onshore,system,2011,MW,57.3427040317
240_Wind_Onshore,system,2011,MW,4.50590653785
241_Wind_Onshore,system,2011,MW,2.25296531835
242_Wind_Onshore,system,2011,MW,67.7544693336
245_Wind_Onshore,system,2011,MW,35.8716168147
246_Wind_Onshore,system,2011,MW,0.980482439128
249_Wind_Onshore,system,2011,MW,12.3395302249
253_Wind_Onshore,system,2011,MW,30.5978493741
254_Wind_Onshore,system,2011,MW,593.230436463
255_Wind_Onshore,system,2011,MW,211.057769317
256_Wind_Onshore,system,2011,MW,3.806101238
257_Wind_Onshore,system,2011,MW,160.523777952
258_Wind_Onshore,system,2011,MW,34.9314811298
259_Wind_Onshore,system,2011,MW,3.98285835666
260_Wind_Onshore,system,2011,MW,17.4828066828
262_Wind_Onshore,system,2011,MW,3.02136730179
265_Wind_Onshore,system,2011,MW,51.2442219887
266_Wind_Onshore,system,2011,MW,1.68127574154
268_Wind_Onshore,system,2011,MW,33.5547803098
269_Wind_Onshore,system,2011,MW,75.0750875274
270_Wind_Onshore,system,2011,MW,575.368279546
271_Wind_Onshore,system,2011,MW,101.139399875
273_Wind_Onshore,system,2011,MW,9.0373397227
274_Wind_Onshore,system,2011,MW,82.2250352232
275_Wind_Onshore,system,2011,MW,14.6054088834
276_Wind_Onshore,system,2011,MW,188.691049163
277_Wind_Onshore,system,2011,MW,2.26770583626
278_Wind_Onshore,system,2011,MW,339.510510359
280_Wind_Onshore,system,2011,MW,385.361595031
283_Wind_Onshore,system,2011,MW,27.074037541
284_Wind_Onshore,system,2011,MW,83.0798418272
285_Wind_Onshore,system,2011,MW,323.472536333
286_Wind_Onshore,system,2011,MW,8.0808958712
287_Wind_Onshore,system,2011,MW,57.1278247463
288_Wind_Onshore,system,2011,MW,21.8333957759
289_Wind_Onshore,system,2011,MW,91.9582753388
290_Wind_Onshore,system,2011,MW,76.1351770479
291_Wind_Onshore,system,2011,MW,30.8305188023
293_Wind_Onshore,system,2011,MW,23.4043450629
294_Wind_Onshore,system,2011,MW,14.887727285
295_Wind_Onshore,system,2011,MW,64.502694254
296_Wind_Onshore,system,2011,MW,82.2786953613
297_Wind_Onshore,system,2011,MW,3.81841924681
298_Wind_Onshore,system,2011,MW,15.0918417045
299_Wind_Onshore,system,2011,MW,88.9528798809
300_Wind_Onshore,system,2011,MW,235.487328921
301_Wind_Onshore,system,2011,MW,109.288718785
302_Wind_Onshore,system,2011,MW,20.1687166138
304_Wind_Onshore,system,2011,MW,201.699554501
305_Wind_Onshore,system,2011,MW,0.524108115665
306_Wind_Onshore,system,2011,MW,0.352420710612
309_Wind_Onshore,system,2011,MW,82.0353612917
310_Wind_Onshore,system,2011,MW,6.65472673495
311_Wind_Onshore,system,2011,MW,119.710848522
313_Wind_Onshore,system,2011,MW,39.469005702
314_Wind_Onshore,system,2011,MW,3.4294999088
316_Wind_Onshore,system,2011,MW,5.10582944022
318_Wind_Onshore,system,2011,MW,38.9505114335
319_Wind_Onshore,system,2011,MW,47.3717915205
320_Wind_Onshore,system,2011,MW,1.23166024502
321_Wind_Onshore,system,2011,MW,2.16920079779
323_Wind_Onshore,system,2011,MW,53.0956287692
324_Wind_Onshore,system,2011,MW,99.0752999943
325_Wind_Onshore,system,2011,MW,25.6556410363
326_Wind_Onshore,system,2011,MW,65.61125218
327_Wind_Onshore,system,2011,MW,170.437781001
328_Wind_Onshore,system,2011,MW,0.00434449024199
329_Wind_Onshore,system,2011,MW,0.626493907051
330_Wind_Onshore,system,2011,MW,2.51245968177
331_Wind_Onshore,system,2011,MW,4.36303730827
333_Wind_Onshore,system,2011,MW,1297.76442825
335_Wind_Onshore,system,2011,MW,28.4263216809
337_Wind_Onshore,system,2011,MW,2.93704756536
339_Wind_Onshore,system,2011,MW,17.8722009047
340_Wind_Onshore,system,2011,MW,93.1996278632
341_Wind_Onshore,system,2011,MW,148.402692339
342_Wind_Onshore,system,2011,MW,184.14923543
343_Wind_Onshore,system,2011,MW,4.90197409828
344_Wind_Onshore,system,2011,MW,98.2933506333
345_Wind_Onshore,system,2011,MW,41.6820737696
346_Wind_Onshore,system,2011,MW,2.40210740929
347_Wind_Onshore,system,2011,MW,5.39742965672
348_Wind_Onshore,system,2011,MW,5.87366595854
349_Wind_Onshore,system,2011,MW,27.3564890353
350_Wind_Onshore,system,2011,MW,177.778741548
352_Wind_Onshore,system,2011,MW,4.01460326021
354_Wind_Onshore,system,2011,MW,2.15820669618
355_Wind_Onshore,system,2011,MW,23.74405048
356_Wind_Onshore,system,2011,MW,60.8633036939
357_Wind_Onshore,system,2011,MW,4.87729945362
358_Wind_Onshore,system,2011,MW,4.33551577107
359_Wind_Onshore,system,2011,MW,9.59431935716
361_Wind_Onshore,system,2011,MW,0.00456719955131
363_Wind_Onshore,system,2011,MW,1.82701375341
364_Wind_Onshore,system,2011,MW,0.298940300013
365_Wind_Onshore,system,2011,MW,3.27832133929
366_Wind_Onshore,system,2011,MW,3.34909004921
367_Wind_Onshore,system,2011,MW,1.64588987762
368_Wind_Onshore,system,2011,MW,11.8540035349
369_Wind_Onshore,system,2011,MW,262.264924035
370_Wind_Onshore,system,2011,MW,30.8367475842
371_Wind_Onshore,system,2011,MW,12.0039872819
372_Wind_Onshore,system,2011,MW,7.87902661745
373_Wind_Onshore,system,2011,MW,2.75749675502
374_Wind_Onshore,system,2011,MW,23.9585741942
375_Wind_Onshore,system,2011,MW,1.95633185604
376_Wind_Onshore,system,2011,MW,17.7082761196
377_Wind_Onshore,system,2011,MW,20.7585904677
378_Wind_Onshore,system,2011,MW,0.161123144974
379_Wind_Onshore,system,2011,MW,0.929763183455
380_Wind_Onshore,system,2011,MW,199.111908709
381_Wind_Onshore,system,2011,MW,13.0632583963
383_Wind_Onshore,system,2011,MW,90.4975589655
386_Wind_Onshore,system,2011,MW,56.928865333
387_Wind_Onshore,system,2011,MW,50.7968954699
388_Wind_Onshore,system,2011,MW,16.0633432056
389_Wind_Onshore,system,2011,MW,218.675423603
390_Wind_Onshore,system,2011,MW,30.1310283897
392_Wind_Onshore,system,2011,MW,0.289238434706
393_Wind_Onshore,system,2011,MW,26.2930875243
394_Wind_Onshore,system,2011,MW,45.6502535882
395_Wind_Onshore,system,2011,MW,1.21534084768
396_Wind_Onshore,system,2011,MW,3.306939311
397_Wind_Onshore,system,2011,MW,29.7730350488
398_Wind_Onshore,system,2011,MW,121.31240995
399_Wind_Onshore,system,2011,MW,0.832524410153
400_Wind_Onshore,system,2011,MW,10.0864820071
401_Wind_Onshore,system,2011,MW,70.0983272434
402_Wind_Onshore,system,2011,MW,205.513321072
405_Wind_Onshore,system,2011,MW,0.734589478908
406_Wind_Onshore,system,2011,MW,1.10210758817
409_Wind_Onshore,system,2011,MW,0.226056957693
410_Wind_Onshore,system,2011,MW,3.97118800864
411_Wind_Onshore,system,2011,MW,214.719214758
412_Wind_Onshore,system,2011,MW,414.115976321
414_Wind_Onshore,system,2011,MW,22.7079271365
415_Wind_Onshore,system,2011,MW,42.3523424512
416_Wind_Onshore,system,2011,MW,0.0949711377878
417_Wind_Onshore,system,2011,MW,0.0159577330889
418_Wind_Onshore,system,2011,MW,0.837260326848
422_Wind_Onshore,system,2011,MW,2.1470467446e-08
423_Wind_Onshore,system,2011,MW,0.147716007334
424_Wind_Onshore,system,2011,MW,1.68832442006
425_Wind_Onshore,system,2011,MW,73.4862311837
426_Wind_Onshore,system,2011,MW,56.4599127019
427_Wind_Onshore,system,2011,MW,0.247292713667
428_Wind_Onshore,system,2011,MW,70.6335891308
429_Wind_Onshore,system,2011,MW,17.1359833072
430_Wind_Onshore,system,2011,MW,63.2071733464
431_Wind_Onshore,system,2011,MW,79.1072159825
432_Wind_Onshore,system,2011,MW,0.0361579458313
433_Wind_Onshore,system,2011,MW,0.0610682185031
434_Wind_Onshore,system,2011,MW,0.000455522242349
435_Wind_Onshore,system,2011,MW,1.22999224722
436_Wind_Onshore,system,2011,MW,43.8638910737
437_Wind_Onshore,system,2011,MW,3.29824335081
438_Wind_Onshore,system,2011,MW,7.96885916892
439_Wind_Onshore,system,2011,MW,0.343307573159
440_Wind_Onshore,system,2011,MW,81.7672084659
441_Wind_Onshore,system,2011,MW,192.966587575
442_Wind_Onshore,system,2011,MW,35.2002569935
443_Wind_Onshore,system,2011,MW,108.220145939
444_Wind_Onshore,system,2011,MW,61.2238159146
445_Wind_Onshore,system,2011,MW,176.213655222
446_Wind_Onshore,system,2011,MW,234.376272084
447_Wind_Onshore,system,2011,MW,246.029905672
448_Wind_Onshore,system,2011,MW,0.805984486427
449_Wind_Onshore,system,2011,MW,1.21335617518
451_Wind_Onshore,system,2011,MW,1.01257029068
452_Wind_Onshore,system,2011,MW,138.839906457
453_Wind_Onshore,system,2011,MW,109.821439285
454_Wind_Onshore,system,2011,MW,4.66913458007
455_Wind_Onshore,system,2011,MW,0.124454538855
456_Wind_Onshore,system,2011,MW,0.673857688536
457_Wind_Onshore,system,2011,MW,3.4935608962
459_Wind_Onshore,system,2011,MW,0.928187582185
460_Wind_Onshore,system,2011,MW,0.213536185243
461_Wind_Onshore,system,2011,MW,3.73281623771
462_Wind_Onshore,system,2011,MW,0.521719224928
463_Wind_Onshore,system,2011,MW,19.3063857702
464_Wind_Onshore,system,2011,MW,1.37650939265
465_Wind_Onshore,system,2011,MW,1.0778860584
466_Wind_Onshore,system,2011,MW,0.073776456668
467_Wind_Onshore,system,2011,MW,0.0261115323765
468_Wind_Onshore,system,2011,MW,25.0845450748
469_Wind_Onshore,system,2011,MW,2.77964085133
470_Wind_Onshore,system,2011,MW,17.8681570236
471_Wind_Onshore,system,2011,MW,1.29719736092
472_Wind_Onshore,system,2011,MW,89.339497458
473_Wind_Onshore,system,2011,MW,26.3289024862
474_Wind_Onshore,system,2011,MW,119.651672188
475_Wind_Onshore,system,2011,MW,134.800517856
476_Wind_Onshore,system,2011,MW,29.5508022611
477_Wind_Onshore,system,2011,MW,10.763986748
478_Wind_Onshore,system,2011,MW,0.211614489114
479_Wind_Onshore,system,2011,MW,41.0786982606
480_Wind_Onshore,system,2011,MW,12.0197862477
481_Wind_Onshore,system,2011,MW,37.466518157
482_Wind_Onshore,system,2011,MW,39.3953665018
483_Wind_Onshore,system,2011,MW,5.98760147471
484_Wind_Onshore,system,2011,MW,5.67979087386
485_Wind_Onshore,system,2011,MW,25.9924891673
486_Wind_Onshore,system,2011,MW,7.45450093216
487_Wind_Onshore,system,2011,MW,7.95800152789
488_Wind_Onshore,system,2011,MW,0.00131066478912
489_Wind_Onshore,system,2011,MW,88.2646125587
490_Wind_Onshore,system,2011,MW,33.260903116
491_Wind_Onshore,system,2011,MW,1.39975698126
492_Wind_Onshore,system,2011,MW,6.97236853525
493_Wind_Onshore,system,2011,MW,4.73049465924
494_Wind_Onshore,system,2011,MW,1.93101668749
495_Wind_Onshore,system,2011,MW,219.092115221
2_220kV_Wind_Onshore,system,2011,MW,21.3664022656
5_220kV_Wind_Onshore,system,2011,MW,68.762601706
10_220kV_Wind_Onshore,system,2011,MW,480.698670974
12_220kV_Wind_Onshore,system,2011,MW,334.885742705
13_220kV_Wind_Onshore,system,2011,MW,13.279826168
15_220kV_Wind_Onshore,system,2011,MW,0.0342484524703
18_220kV_Wind_Onshore,system,2011,MW,227.66202248
20_220kV_Wind_Onshore,system,2011,MW,12.0589307388
22_220kV_Wind_Onshore,system,2011,MW,1289.24118792
24_220kV_Wind_Onshore,system,2011,MW,99.4400143411
26_220kV_Wind_Onshore,system,2011,MW,86.7132172475
30_220kV_Wind_Onshore,system,2011,MW,98.4341164973
32_220kV_Wind_Onshore,system,2011,MW,238.321957679
37_220kV_Wind_Onshore,system,2011,MW,392.815157911
42_220kV_Wind_Onshore,system,2011,MW,99.1031638333
46_220kV_Wind_Onshore,system,2011,MW,0.833608678014
52_220kV_Wind_Onshore,system,2011,MW,0.171578405746
56_220kV_Wind_Onshore,system,2011,MW,0.715522464707
61_220kV_Wind_Onshore,system,2011,MW,103.00507623
68_220kV_Wind_Onshore,system,2011,MW,8.98169605456
69_220kV_Wind_Onshore,system,2011,MW,25.0367994661
74_220kV_Wind_Onshore,system,2011,MW,758.547933152
78_220kV_Wind_Onshore,system,2011,MW,89.4774107804
86_220kV_Wind_Onshore,system,2011,MW,7.52357781345
87_220kV_Wind_Onshore,system,2011,MW,95.4376729474
94_220kV_Wind_Onshore,system,2011,MW,59.2568089536
95_220kV_Wind_Onshore,system,2011,MW,68.1988383832
96_220kV_Wind_Onshore,system,2011,MW,24.0689205783
99_220kV_Wind_Onshore,system,2011,MW,64.9377498058
100_220kV_Wind_Onshore,system,2011,MW,155.126607127
104_220kV_Wind_Onshore,system,2011,MW,0.654438393951
105_220kV_Wind_Onshore,system,2011,MW,50.0548224713
106_220kV_Wind_Onshore,system,2011,MW,2.00267243918
107_220kV_Wind_Onshore,system,2011,MW,0.246199309224
117_220kV_Wind_Onshore,system,2011,MW,5.30905864691
120_220kV_Wind_Onshore,system,2011,MW,101.498472549
123_220kV_Wind_Onshore,system,2011,MW,17.9517371195
124_220kV_Wind_Onshore,system,2011,MW,2.40268588876
125_220kV_Wind_Onshore,system,2011,MW,0.711206857594
128_220kV_Wind_Onshore,system,2011,MW,218.884211419
129_220kV_Wind_Onshore,system,2011,MW,5.2999386857
138_220kV_Wind_Onshore,system,2011,MW,5.68501661608
143_220kV_Wind_Onshore,system,2011,MW,2.09615495407
156_220kV_Wind_Onshore,system,2011,MW,23.7891713059
157_220kV_Wind_Onshore,system,2011,MW,65.0074668763
159_220kV_Wind_Onshore,system,2011,MW,78.9652647132
160_220kV_Wind_Onshore,system,2011,MW,159.165074052
165_220kV_Wind_Onshore,system,2011,MW,11.9801821685
184_220kV_Wind_Onshore,system,2011,MW,8.36260839263
191_220kV_Wind_Onshore,system,2011,MW,1.39894761524
195_220kV_Wind_Onshore,system,2011,MW,0.390879959804
201_220kV_Wind_Onshore,system,2011,MW,250.480113476
220_220kV_Wind_Onshore,system,2011,MW,12.1229743482
231_220kV_Wind_Onshore,system,2011,MW,0.0358333813701
232_220kV_Wind_Onshore,system,2011,MW,5.59260608432
233_220kV_Wind_Onshore,system,2011,MW,18.681964382
236_220kV_Wind_Onshore,system,2011,MW,0.0531461245219
247_220kV_Wind_Onshore,system,2011,MW,17.5108302983
248_220kV_Wind_Onshore,system,2011,MW,3.59964866908
250_220kV_Wind_Onshore,system,2011,MW,0.0299096483521
251_220kV_Wind_Onshore,system,2011,MW,0.563547347789
252_220kV_Wind_Onshore,system,2011,MW,2.89934039102
261_220kV_Wind_Onshore,system,2011,MW,1.14291745916
264_220kV_Wind_Onshore,system,2011,MW,5.56985592836
267_220kV_Wind_Onshore,system,2011,MW,0.118937830652
272_220kV_Wind_Onshore,system,2011,MW,782.463701225
279_220kV_Wind_Onshore,system,2011,MW,84.6228380201
281_220kV_Wind_Onshore,system,2011,MW,229.927503412
282_220kV_Wind_Onshore,system,2011,MW,83.5571752494
292_220kV_Wind_Onshore,system,2011,MW,404.486732631
303_220kV_Wind_Onshore,system,2011,MW,66.9207172853
307_220kV_Wind_Onshore,system,2011,MW,0.000282085714083
308_220kV_Wind_Onshore,system,2011,MW,89.0700055742
312_220kV_Wind_Onshore,system,2011,MW,105.800801794
315_220kV_Wind_Onshore,system,2011,MW,2.28667590888
317_220kV_Wind_Onshore,system,2011,MW,0.15481733758
322_220kV_Wind_Onshore,system,2011,MW,8.16533291814
332_220kV_Wind_Onshore,system,2011,MW,0.938928397166
334_220kV_Wind_Onshore,system,2011,MW,45.9721869349
336_220kV_Wind_Onshore,system,2011,MW,188.822835863
338_220kV_Wind_Onshore,system,2011,MW,26.7659131433
351_220kV_Wind_Onshore,system,2011,MW,56.406717084
353_220kV_Wind_Onshore,system,2011,MW,15.4380419165
360_220kV_Wind_Onshore,system,2011,MW,0.065259330574
362_220kV_Wind_Onshore,system,2011,MW,0.0051931708536
382_220kV_Wind_Onshore,system,2011,MW,107.008141438
384_220kV_Wind_Onshore,system,2011,MW,155.221920322
385_220kV_Wind_Onshore,system,2011,MW,64.1300521047
391_220kV_Wind_Onshore,system,2011,MW,23.0517859404
403_220kV_Wind_Onshore,system,2011,MW,0.0277114755375
404_220kV_Wind_Onshore,system,2011,MW,0.00632964140695
413_220kV_Wind_Onshore,system,2011,MW,0.0288099331934
421_220kV_Wind_Onshore,system,2011,MW,1.28680397051
450_220kV_Wind_Onshore,system,2011,MW,0.670542049842
458_220kV_Wind_Onshore,system,2011,MW,0.0465395074554
1_Solar,system,2011,MW,79.6742560609
3_Solar,system,2011,MW,31.1791155392
4_Solar,system,2011,MW,40.212665684
6_Solar,system,2011,MW,20.3045209459
7_Solar,system,2011,MW,26.1592506043
8_Solar,system,2011,MW,68.4254026128
9_Solar,system,2011,MW,44.4785577653
11_Solar,system,2011,MW,103.998682344
14_Solar,system,2011,MW,41.3867255852
16_Solar,system,2011,MW,84.3780121085
17_Solar,system,2011,MW,79.0551550636
19_Solar,system,2011,MW,183.821408516
21_Solar,system,2011,MW,37.3790334569
23_Solar,system,2011,MW,37.369338741
25_Solar,system,2011,MW,29.5166073047
27_Solar,system,2011,MW,8.93177879641
28_Solar,system,2011,MW,39.2614503805
29_Solar,system,2011,MW,99.7401656585
31_Solar,system,2011,MW,130.774402129
33_Solar,system,2011,MW,201.766962889
34_Solar,system,2011,MW,4.16018945038
35_Solar,system,2011,MW,3.42991713565
36_Solar,system,2011,MW,50.2879465505
38_Solar,system,2011,MW,14.7886688836
39_Solar,system,2011,MW,121.437125869
40_Solar,system,2011,MW,185.545127919
41_Solar,system,2011,MW,255.443429575
43_Solar,system,2011,MW,362.597919288
44_Solar,system,2011,MW,21.273778898
45_Solar,system,2011,MW,77.0174857744
47_Solar,system,2011,MW,5.21471479441
48_Solar,system,2011,MW,9.57649096897
49_Solar,system,2011,MW,54.0354709189
50_Solar,system,2011,MW,92.4802821362
51_Solar,system,2011,MW,155.333413197
53_Solar,system,2011,MW,103.86577437
54_Solar,system,2011,MW,40.3763462646
55_Solar,system,2011,MW,25.9902423186
57_Solar,system,2011,MW,24.6223726015
58_Solar,system,2011,MW,112.609207037
59_Solar,system,2011,MW,86.3959417736
60_Solar,system,2011,MW,19.1273788624
62_Solar,system,2011,MW,61.8883512149
63_Solar,system,2011,MW,106.233906737
64_Solar,system,2011,MW,58.2728200809
65_Solar,system,2011,MW,12.8393796824
66_Solar,system,2011,MW,358.676350566
67_Solar,system,2011,MW,29.5317709447
70_Solar,system,2011,MW,89.3005966177
71_Solar,system,2011,MW,328.718571189
72_Solar,system,2011,MW,243.241909161
73_Solar,system,2011,MW,203.443402523
75_Solar,system,2011,MW,232.127956348
76_Solar,system,2011,MW,80.4037717732
77_Solar,system,2011,MW,144.715972126
79_Solar,system,2011,MW,153.606375759
80_Solar,system,2011,MW,34.2620170352
81_Solar,system,2011,MW,217.054487558
82_Solar,system,2011,MW,16.3482224843
83_Solar,system,2011,MW,35.1643325868
84_Solar,system,2011,MW,21.8924923001
85_Solar,system,2011,MW,156.277964167
88_Solar,system,2011,MW,8.1510919734
89_Solar,system,2011,MW,1.79196759744
90_Solar,system,2011,MW,81.2499299671
91_Solar,system,2011,MW,3.68518233687
92_Solar,system,2011,MW,61.3154903889
93_Solar,system,2011,MW,191.635296053
97_Solar,system,2011,MW,59.4243426049
98_Solar,system,2011,MW,48.5382676619
101_Solar,system,2011,MW,119.077524519
102_Solar,system,2011,MW,142.844699621
103_Solar,system,2011,MW,9.84236066
108_Solar,system,2011,MW,7.18318255245
109_Solar,system,2011,MW,9.5608896996
110_Solar,system,2011,MW,54.7900098014
111_Solar,system,2011,MW,138.730049031
112_Solar,system,2011,MW,2.85898664312
113_Solar,system,2011,MW,4.79549373064
114_Solar,system,2011,MW,86.7035713777
115_Solar,system,2011,MW,25.3565007917
116_Solar,system,2011,MW,7.64365313712
118_Solar,system,2011,MW,45.6581688249
119_Solar,system,2011,MW,26.209248478
121_Solar,system,2011,MW,16.3630315106
122_Solar,system,2011,MW,43.4771775464
126_Solar,system,2011,MW,42.0249070995
127_Solar,system,2011,MW,19.3952363453
130_Solar,system,2011,MW,19.4912494116
131_Solar,system,2011,MW,6.05227179856
132_Solar,system,2011,MW,18.5716563093
133_Solar,system,2011,MW,6.42055374372
134_Solar,system,2011,MW,10.8112029419
135_Solar,system,2011,MW,27.9762174524
136_Solar,system,2011,MW,28.1838273805
137_Solar,system,2011,MW,193.234776211
139_Solar,system,2011,MW,6.86558614609
140_Solar,system,2011,MW,10.6310697811
141_Solar,system,2011,MW,4.92036804098
142_Solar,system,2011,MW,6.68963671768
144_Solar,system,2011,MW,1.91202440048
145_Solar,system,2011,MW,8.05638783349
146_Solar,system,2011,MW,5.69359712972
147_Solar,system,2011,MW,20.7171111431
148_Solar,system,2011,MW,8.93845403313
149_Solar,system,2011,MW,65.1824653363
150_Solar,system,2011,MW,11.8788620772
151_Solar,system,2011,MW,10.1964958266
152_Solar,system,2011,MW,66.6139926948
153_Solar,system,2011,MW,121.671046677
154_Solar,system,2011,MW,12.4525836658
155_Solar,system,2011,MW,32.4862488557
158_Solar,system,2011,MW,25.8748930976
161_Solar,system,2011,MW,67.4333290023
162_Solar,system,2011,MW,9.64304372622
163_Solar,system,2011,MW,19.1661348612
164_Solar,system,2011,MW,25.1814057028
166_Solar,system,2011,MW,29.114828087
167_Solar,system,2011,MW,12.1621880467
168_Solar,system,2011,MW,29.1835928188
169_Solar,system,2011,MW,2.23765189247
170_Solar,system,2011,MW,5.02370478794
171_Solar,system,2011,MW,11.7306227274
172_Solar,system,2011,MW,3.41768401337
173_Solar,system,2011,MW,11.7659600244
174_Solar,system,2011,MW,11.1448823949
175_Solar,system,2011,MW,3.73270979541
176_Solar,system,2011,MW,17.4348273992
177_Solar,system,2011,MW,109.345623408
178_Solar,system,2011,MW,23.4815557252
179_Solar,system,2011,MW,176.928964154
180_Solar,system,2011,MW,161.276649117
181_Solar,system,2011,MW,84.0705616914
182_Solar,system,2011,MW,18.431240768
183_Solar,system,2011,MW,47.5302099481
185_Solar,system,2011,MW,10.7907104783
186_Solar,system,2011,MW,2.68010525828
187_Solar,system,2011,MW,5.63130043544
188_Solar,system,2011,MW,1.87938058935
189_Solar,system,2011,MW,91.7766704254
190_Solar,system,2011,MW,186.94217135
192_Solar,system,2011,MW,138.604086709
193_Solar,system,2011,MW,3.04032494127
194_Solar,system,2011,MW,1.60064915912
196_Solar,system,2011,MW,1.57820666119
197_Solar,system,2011,MW,48.6597169142
198_Solar,system,2011,MW,2.87787743383
199_Solar,system,2011,MW,5.22728175119
200_Solar,system,2011,MW,3.92704342258
202_Solar,system,2011,MW,72.6779347262
203_Solar,system,2011,MW,111.043024571
204_Solar,system,2011,MW,62.4049705273
205_Solar,system,2011,MW,10.5799252948
206_Solar,system,2011,MW,4.09103357811
207_Solar,system,2011,MW,47.970380957
208_Solar,system,2011,MW,31.23366266
209_Solar,system,2011,MW,83.1733681904
210_Solar,system,2011,MW,13.8872934732
211_Solar,system,2011,MW,226.804107757
212_Solar,system,2011,MW,71.3804125043
213_Solar,system,2011,MW,52.1481022426
214_Solar,system,2011,MW,17.3006198894
215_Solar,system,2011,MW,39.8924684097
216_Solar,system,2011,MW,9.18976482456
217_Solar,system,2011,MW,40.5756460295
218_Solar,system,2011,MW,74.9224344102
219_Solar,system,2011,MW,81.0354832754
221_Solar,system,2011,MW,112.018080105
222_Solar,system,2011,MW,18.1587294633
223_Solar,system,2011,MW,116.696893662
224_Solar,system,2011,MW,116.477465463
225_Solar,system,2011,MW,228.386530018
226_Solar,system,2011,MW,26.5015733691
227_Solar,system,2011,MW,86.2365746488
228_Solar,system,2011,MW,53.6568323407
229_Solar,system,2011,MW,23.1327737351
230_Solar,system,2011,MW,53.342089814
234_Solar,system,2011,MW,136.821485252
235_Solar,system,2011,MW,25.6063102247
237_Solar,system,2011,MW,5.35610593423
238_Solar,system,2011,MW,55.8258151624
239_Solar,system,2011,MW,37.2971956496
240_Solar,system,2011,MW,25.1498061516
241_Solar,system,2011,MW,48.5877681047
242_Solar,system,2011,MW,127.647586328
245_Solar,system,2011,MW,52.0517875922
246_Solar,system,2011,MW,6.76177981575
249_Solar,system,2011,MW,11.7078004149
253_Solar,system,2011,MW,26.2886918355
254_Solar,system,2011,MW,226.257418351
255_Solar,system,2011,MW,183.631946845
256_Solar,system,2011,MW,7.21385449034
257_Solar,system,2011,MW,75.6388526054
258_Solar,system,2011,MW,90.7750732185
259_Solar,system,2011,MW,42.3125380802
260_Solar,system,2011,MW,155.279397297
262_Solar,system,2011,MW,156.979011577
265_Solar,system,2011,MW,82.9282512593
266_Solar,system,2011,MW,301.614349192
268_Solar,system,2011,MW,19.4889665285
269_Solar,system,2011,MW,54.0671688866
270_Solar,system,2011,MW,82.1519469094
271_Solar,system,2011,MW,21.3295659833
273_Solar,system,2011,MW,2.85527347592
274_Solar,system,2011,MW,36.2687832585
275_Solar,system,2011,MW,55.7508443105
276_Solar,system,2011,MW,84.3085014161
277_Solar,system,2011,MW,0.456443333038
278_Solar,system,2011,MW,65.2833137834
280_Solar,system,2011,MW,220.758669251
283_Solar,system,2011,MW,51.3671639748
284_Solar,system,2011,MW,151.902129991
285_Solar,system,2011,MW,383.858473404
286_Solar,system,2011,MW,60.6556523832
287_Solar,system,2011,MW,77.3752768096
288_Solar,system,2011,MW,153.887449491
289_Solar,system,2011,MW,89.4394256267
290_Solar,system,2011,MW,194.473407228
291_Solar,system,2011,MW,116.049525596
293_Solar,system,2011,MW,33.5259472314
294_Solar,system,2011,MW,66.6389544354
295_Solar,system,2011,MW,35.869318087
296_Solar,system,2011,MW,25.6191621951
297_Solar,system,2011,MW,0.986841253211
298_Solar,system,2011,MW,3.77532544167
299_Solar,system,2011,MW,31.2155911865
300_Solar,system,2011,MW,172.123236393
301_Solar,system,2011,MW,25.9637060018
302_Solar,system,2011,MW,67.2193133171
304_Solar,system,2011,MW,218.703564343
305_Solar,system,2011,MW,22.1918482816
306_Solar,system,2011,MW,18.4162831018
309_Solar,system,2011,MW,136.190504425
310_Solar,system,2011,MW,79.2700055257
311_Solar,system,2011,MW,408.37422005
313_Solar,system,2011,MW,46.2770010595
314_Solar,system,2011,MW,93.8077865618
316_Solar,system,2011,MW,197.087429677
318_Solar,system,2011,MW,311.473266956
319_Solar,system,2011,MW,156.546089273
320_Solar,system,2011,MW,114.687410687
321_Solar,system,2011,MW,48.4439464501
323_Solar,system,2011,MW,107.077621671
324_Solar,system,2011,MW,90.1366736759
325_Solar,system,2011,MW,21.9947694651
326_Solar,system,2011,MW,112.249862957
327_Solar,system,2011,MW,99.8112078997
328_Solar,system,2011,MW,95.5908999584
329_Solar,system,2011,MW,159.818571632
330_Solar,system,2011,MW,235.581664439
331_Solar,system,2011,MW,479.248155829
333_Solar,system,2011,MW,276.640075051
335_Solar,system,2011,MW,272.215344887
337_Solar,system,2011,MW,533.823158688
339_Solar,system,2011,MW,88.5771395366
340_Solar,system,2011,MW,197.787397172
341_Solar,system,2011,MW,111.203655583
342_Solar,system,2011,MW,199.45798322
343_Solar,system,2011,MW,80.0706265568
344_Solar,system,2011,MW,78.4850441808
345_Solar,system,2011,MW,97.8729744075
346_Solar,system,2011,MW,7.06706321303
347_Solar,system,2011,MW,9.94901011501
348_Solar,system,2011,MW,10.7390924222
349_Solar,system,2011,MW,240.920274276
350_Solar,system,2011,MW,275.412619907
352_Solar,system,2011,MW,195.868212622
354_Solar,system,2011,MW,123.060645601
355_Solar,system,2011,MW,9.48628233579
356_Solar,system,2011,MW,24.0580395312
357_Solar,system,2011,MW,1.41216689344
358_Solar,system,2011,MW,1.17103382504
359_Solar,system,2011,MW,8.91430562005
361_Solar,system,2011,MW,41.7228166946
363_Solar,system,2011,MW,6.61764092982
364_Solar,system,2011,MW,3.33585971783
365_Solar,system,2011,MW,10.4345225167
366_Solar,system,2011,MW,63.4117651656
367_Solar,system,2011,MW,14.8357577621
368_Solar,system,2011,MW,51.1022503929
369_Solar,system,2011,MW,79.2867662718
370_Solar,system,2011,MW,21.0067488094
371_Solar,system,2011,MW,11.3051921841
372_Solar,system,2011,MW,15.1825713303
373_Solar,system,2011,MW,399.133201245
374_Solar,system,2011,MW,23.2049103442
375_Solar,system,2011,MW,21.4693567656
376_Solar,system,2011,MW,28.1564825237
377_Solar,system,2011,MW,118.262711802
378_Solar,system,2011,MW,33.0312281458
379_Solar,system,2011,MW,74.1394082622
380_Solar,system,2011,MW,53.4082985092
381_Solar,system,2011,MW,47.3452596402
383_Solar,system,2011,MW,180.894957129
386_Solar,system,2011,MW,62.5726417247
387_Solar,system,2011,MW,61.9531425507
388_Solar,system,2011,MW,30.4451691568
389_Solar,system,2011,MW,280.614896696
390_Solar,system,2011,MW,173.515675268
392_Solar,system,2011,MW,1.5383477261
393_Solar,system,2011,MW,79.7135796057
394_Solar,system,2011,MW,196.679379837
395_Solar,system,2011,MW,170.831583767
396_Solar,system,2011,MW,131.456153348
397_Solar,system,2011,MW,56.5650540612
398_Solar,system,2011,MW,81.5919504805
399_Solar,system,2011,MW,74.1012522785
400_Solar,system,2011,MW,30.3035516899
401_Solar,system,2011,MW,43.2989213414
402_Solar,system,2011,MW,69.2632549986
405_Solar,system,2011,MW,27.7247677283
406_Solar,system,2011,MW,69.8900097171
409_Solar,system,2011,MW,26.5606245666
410_Solar,system,2011,MW,81.3619621142
411_Solar,system,2011,MW,102.529569026
412_Solar,system,2011,MW,109.809789706
414_Solar,system,2011,MW,6.41796892856
415_Solar,system,2011,MW,12.6293305345
416_Solar,system,2011,MW,25.5809127568
417_Solar,system,2011,MW,183.749132895
418_Solar,system,2011,MW,132.975197331
422_Solar,system,2011,MW,22.9826318392
423_Solar,system,2011,MW,7.46863292826
424_Solar,system,2011,MW,19.2646857571
425_Solar,system,2011,MW,32.3842943932
426_Solar,system,2011,MW,31.4360021066
427_Solar,system,2011,MW,3.74984023399
428_Solar,system,2011,MW,120.215573965
429_Solar,system,2011,MW,9.51469636955
430_Solar,system,2011,MW,37.6190969078
431_Solar,system,2011,MW,48.5405800132
432_Solar,system,2011,MW,7.95644447902
433_Solar,system,2011,MW,37.6069157472
434_Solar,system,2011,MW,30.1167105203
435_Solar,system,2011,MW,2.24116723731
436_Solar,system,2011,MW,121.687485113
437_Solar,system,2011,MW,63.6543584058
438_Solar,system,2011,MW,41.2295969441
439_Solar,system,2011,MW,27.3744152868
440_Solar,system,2011,MW,25.3943741814
441_Solar,system,2011,MW,84.1636035878
442_Solar,system,2011,MW,26.86114381
443_Solar,system,2011,MW,32.5128258133
444_Solar,system,2011,MW,30.0637291945
445_Solar,system,2011,MW,138.236316083
446_Solar,system,2011,MW,68.0977716531
447_Solar,system,2011,MW,98.2891409367
448_Solar,system,2011,MW,2.04128815414
449_Solar,system,2011,MW,6.45337371893
451_Solar,system,2011,MW,2.75944832878
452_Solar,system,2011,MW,54.5646653518
453_Solar,system,2011,MW,52.6484439662
454_Solar,system,2011,MW,1.68385355098
455_Solar,system,2011,MW,9.02528346733
456_Solar,system,2011,MW,3.55441515269
457_Solar,system,2011,MW,7.83757575517
459_Solar,system,2011,MW,4.93667191188
460_Solar,system,2011,MW,1.13571664617
461_Solar,system,2011,MW,8.37432949145
462_Solar,system,2011,MW,1.75288097417
463_Solar,system,2011,MW,38.4674700625
464_Solar,system,2011,MW,4.53579937256
465_Solar,system,2011,MW,5.12064063763
466_Solar,system,2011,MW,6.94095668978
467_Solar,system,2011,MW,5.86546800139
468_Solar,system,2011,MW,47.5101752353
469_Solar,system,2011,MW,5.25539819324
470_Solar,system,2011,MW,16.9376711255
471_Solar,system,2011,MW,4.14121117669
472_Solar,system,2011,MW,91.3351836439
473_Solar,system,2011,MW,24.8426974
474_Solar,system,2011,MW,30.8363184682
475_Solar,system,2011,MW,38.1469896962
476_Solar,system,2011,MW,46.5682001194
477_Solar,system,2011,MW,31.3475721608
478_Solar,system,2011,MW,0.14062786392
479_Solar,system,2011,MW,45.2572344968
480_Solar,system,2011,MW,14.824594689
481_Solar,system,2011,MW,18.2704986262
482_Solar,system,2011,MW,12.0004959782
483_Solar,system,2011,MW,78.1145093775
484_Solar,system,2011,MW,133.539659181
485_Solar,system,2011,MW,281.819662447
486_Solar,system,2011,MW,135.492385271
487_Solar,system,2011,MW,79.1844275783
488_Solar,system,2011,MW,9.16060720929
489_Solar,system,2011,MW,72.3565226403
490_Solar,system,2011,MW,28.8936368193
491_Solar,system,2011,MW,50.4778661943
492_Solar,system,2011,MW,32.8746763897
493_Solar,system,2011,MW,20.2594855058
494_Solar,system,2011,MW,8.18979902657
495_Solar,system,2011,MW,101.236915064
2_220kV_Solar,system,2011,MW,6.78252247482
5_220kV_Solar,system,2011,MW,15.9445613219
10_220kV_Solar,system,2011,MW,159.570248092
12_220kV_Solar,system,2011,MW,277.793547711
13_220kV_Solar,system,2011,MW,186.387377279
15_220kV_Solar,system,2011,MW,120.486097306
18_220kV_Solar,system,2011,MW,61.1612999846
20_220kV_Solar,system,2011,MW,9.95471989703
22_220kV_Solar,system,2011,MW,230.400934825
24_220kV_Solar,system,2011,MW,66.1161367928
26_220kV_Solar,system,2011,MW,21.8361627105
30_220kV_Solar,system,2011,MW,36.5183261461
32_220kV_Solar,system,2011,MW,135.324360757
37_220kV_Solar,system,2011,MW,96.6101777695
42_220kV_Solar,system,2011,MW,65.6688094022
46_220kV_Solar,system,2011,MW,1.50988418606
52_220kV_Solar,system,2011,MW,4.80483205253
56_220kV_Solar,system,2011,MW,11.0049726358
61_220kV_Solar,system,2011,MW,38.0755601028
68_220kV_Solar,system,2011,MW,46.7223785366
69_220kV_Solar,system,2011,MW,44.2391882093
74_220kV_Solar,system,2011,MW,383.418198179
78_220kV_Solar,system,2011,MW,62.3356431164
86_220kV_Solar,system,2011,MW,6.00797041814
87_220kV_Solar,system,2011,MW,134.60573289
94_220kV_Solar,system,2011,MW,89.4256193232
95_220kV_Solar,system,2011,MW,103.003683059
96_220kV_Solar,system,2011,MW,18.9808285849
99_220kV_Solar,system,2011,MW,104.495096936
100_220kV_Solar,system,2011,MW,70.7548700462
104_220kV_Solar,system,2011,MW,3.65255829765
105_220kV_Solar,system,2011,MW,93.133764568
106_220kV_Solar,system,2011,MW,10.6514426275
107_220kV_Solar,system,2011,MW,1.30943921024
117_220kV_Solar,system,2011,MW,17.9962458899
120_220kV_Solar,system,2011,MW,83.0754127741
123_220kV_Solar,system,2011,MW,10.1932288932
124_220kV_Solar,system,2011,MW,0.866492729284
125_220kV_Solar,system,2011,MW,7.9175966632
128_220kV_Solar,system,2011,MW,67.7239512483
129_220kV_Solar,system,2011,MW,8.92855603065
138_220kV_Solar,system,2011,MW,12.7268921642
143_220kV_Solar,system,2011,MW,6.62525480382
156_220kV_Solar,system,2011,MW,38.7248883709
157_220kV_Solar,system,2011,MW,131.682322011
159_220kV_Solar,system,2011,MW,59.7917587743
160_220kV_Solar,system,2011,MW,35.9869279893
165_220kV_Solar,system,2011,MW,13.5798950324
184_220kV_Solar,system,2011,MW,17.8414810649
191_220kV_Solar,system,2011,MW,3.15017898174
195_220kV_Solar,system,2011,MW,0.731379679998
201_220kV_Solar,system,2011,MW,66.5941206082
220_220kV_Solar,system,2011,MW,18.7854907646
231_220kV_Solar,system,2011,MW,2.67419933099
232_220kV_Solar,system,2011,MW,99.0742349063
233_220kV_Solar,system,2011,MW,201.733891319
236_220kV_Solar,system,2011,MW,15.0481177122
247_220kV_Solar,system,2011,MW,236.871780957
248_220kV_Solar,system,2011,MW,14.4044085501
250_220kV_Solar,system,2011,MW,0.0283784055798
251_220kV_Solar,system,2011,MW,0.534696196047
252_220kV_Solar,system,2011,MW,2.75090688335
261_220kV_Solar,system,2011,MW,81.9291796662
263_220kV_Solar,system,2011,MW,2.17499037282
264_220kV_Solar,system,2011,MW,226.383636562
267_220kV_Solar,system,2011,MW,1.33159165748
272_220kV_Solar,system,2011,MW,189.722791697
279_220kV_Solar,system,2011,MW,100.619409992
281_220kV_Solar,system,2011,MW,144.682716774
282_220kV_Solar,system,2011,MW,134.937779598
292_220kV_Solar,system,2011,MW,155.990147453
303_220kV_Solar,system,2011,MW,94.4706110276
307_220kV_Solar,system,2011,MW,41.9758348816
308_220kV_Solar,system,2011,MW,298.346979291
312_220kV_Solar,system,2011,MW,393.914066526
315_220kV_Solar,system,2011,MW,251.944938615
317_220kV_Solar,system,2011,MW,10.3782881081
322_220kV_Solar,system,2011,MW,50.3514256534
332_220kV_Solar,system,2011,MW,849.576943945
334_220kV_Solar,system,2011,MW,233.477991242
336_220kV_Solar,system,2011,MW,242.698642978
338_220kV_Solar,system,2011,MW,255.834575646
351_220kV_Solar,system,2011,MW,262.446697862
353_220kV_Solar,system,2011,MW,91.306831625
360_220kV_Solar,system,2011,MW,26.5925612809
362_220kV_Solar,system,2011,MW,12.1265109683
382_220kV_Solar,system,2011,MW,199.184531465
384_220kV_Solar,system,2011,MW,579.835050797
385_220kV_Solar,system,2011,MW,122.315702959
391_220kV_Solar,system,2011,MW,30.6064358953
403_220kV_Solar,system,2011,MW,23.6450711466
404_220kV_Solar,system,2011,MW,17.7333803642
413_220kV_Solar,system,2011,MW,72.0714562574
421_220kV_Solar,system,2011,MW,59.6608875033
450_220kV_Solar,system,2011,MW,1.68150652412
458_220kV_Solar,system,2011,MW,0.116706305643
